-- ✅ ТЕСТОВЫЕ ДАННЫЕ ДЛЯ ВСЕХ РАЗДЕЛОВ СИСТЕМЫ
-- Всего 7 файлов с данными для проверки сортировки на всех страницах

-- ==============================================
-- 1. 📚 КНИГИ
-- ==============================================
INSERT INTO books (title, publisher, year_published, isbn, pages) VALUES
('Война и мир', 'АСТ', 2019, '978-5-17-112345-6', 1225),
('Преступление и наказание', 'Эксмо', 2021, '978-5-04-112345-7', 672),
('Мастер и Маргарита', 'Азбука', 2020, '978-5-389-11234-8', 480),
('Евгений Онегин', 'Росмэн', 2018, NULL, 320),
('Отцы и дети', 'АСТ', 2022, '978-5-17-112349-0', 416),
('Герой нашего времени', 'Эксмо', 2017, '978-5-04-112349-1', 288),
('Мертвые души', 'Азбука', 2021, NULL, 352),
('Дубровский', 'Росмэн', 2019, '978-5-389-11239-2', 192),
('Собачье сердце', 'АСТ', 2020, '978-5-17-112399-3', 160),
('Идиот', 'Эксмо', 2018, '978-5-04-112399-4', 704);

-- ==============================================
-- 2. ✍️ АВТОРЫ
-- ==============================================
INSERT INTO authors (name, biography, birth_year) VALUES
('Толстой Лев Николаевич', 'Русский писатель, мыслитель', 1828),
('Достоевский Федор Михайлович', 'Русский писатель, философ', 1821),
('Булгаков Михаил Афанасьевич', 'Русский писатель, драматург', 1891),
('Пушкин Александр Сергеевич', 'Русский поэт, писатель', 1799),
('Тургенев Иван Сергеевич', 'Русский писатель, поэт', 1818),
('Лермонтов Михаил Юрьевич', 'Русский поэт, писатель', 1814),
('Гоголь Николай Васильевич', 'Русский писатель, драматург', 1809),
('Чехов Антон Павлович', 'Русский писатель, драматург', 1860);

-- ==============================================
-- 3. 💸 ШТРАФЫ
-- ==============================================
INSERT INTO fines (reader_id, loan_id, amount, reason, paid, created_at) VALUES
(1, 5, 250.00, 'overdue', false, '2026-03-15'),
(2, 7, 150.00, 'overdue', true, '2026-03-10'),
(3, 12, 5000.00, 'lost_book', false, '2026-04-01'),
(4, 9, 75.00, 'overdue', true, '2026-03-20'),
(5, 15, 300.00, 'overdue', false, '2026-04-05'),
(6, 3, 50.00, 'overdue', false, '2026-04-10'),
(7, 11, 3500.00, 'lost_book', true, '2026-03-25'),
(8, 18, 100.00, 'overdue', false, '2026-04-08');

-- ==============================================
-- 4. 📕 УТЕРЯННЫЕ КНИГИ
-- ==============================================
INSERT INTO lost_books (copy_id, reader_id, loss_date, compensation_amount, compensated) VALUES
(12, 3, '2026-03-28', 5000.00, false),
(25, 7, '2026-03-15', 3500.00, true),
(8, 1, '2026-04-02', 4200.00, false),
(33, 5, '2026-03-10', 2800.00, false),
(17, 9, '2026-04-05', 6100.00, false),
(41, 12, '2026-03-20', 3900.00, true),
(5, 4, '2026-04-08', 4700.00, false);

-- ==============================================
-- 5. ⛔ БЛОКИРОВКИ ЧИТАТЕЛЕЙ
-- ==============================================
INSERT INTO loan_bans (reader_id, start_date, end_date, reason) VALUES
(3, '2026-04-01', '2026-05-01', 'Повторная просрочка'),
(7, '2026-03-20', '2026-04-20', 'Утеря книги'),
(12, '2026-04-05', '2026-06-05', 'Множественные просрочки'),
(5, '2026-03-15', '2026-04-15', 'Невыплата штрафа'),
(9, '2026-04-10', '2026-05-10', 'Порча книги'),
(1, '2026-03-25', '2026-04-25', 'Повторная просрочка'),
(15, '2026-04-03', '2026-05-03', 'Нарушение правил');

-- ==============================================
-- 6. 📤 ВЫДАЧИ КНИГ
-- ==============================================
INSERT INTO book_loans (copy_id, reader_id, loan_date, due_date, return_date, point_id) VALUES
(5, 1, '2026-03-10', '2026-04-10', NULL, 1),
(12, 3, '2026-03-25', '2026-04-25', NULL, 2),
(8, 5, '2026-03-15', '2026-04-15', '2026-04-05', 1),
(22, 7, '2026-04-01', '2026-05-01', NULL, 1),
(17, 2, '2026-03-20', '2026-04-20', NULL, 2),
(31, 9, '2026-04-05', '2026-05-05', NULL, 1),
(14, 4, '2026-03-05', '2026-04-05', '2026-04-02', 2);

-- ==============================================
-- 7. 📦 МЕЖБИБЛИОТЕЧНЫЕ ЗАКАЗЫ
-- ==============================================
INSERT INTO interlibrary_orders (reader_id, book_title, author_name, order_date, received_date, return_date, library_name) VALUES
(2, 'Анна Каренина', 'Толстой Л.Н.', '2026-03-20', '2026-04-01', NULL, 'РНБ'),
(5, 'Братья Карамазовы', 'Достоевский Ф.М.', '2026-04-02', NULL, NULL, 'ГПИБ'),
(8, 'Вишневый сад', 'Чехов А.П.', '2026-03-25', '2026-03-30', '2026-04-08', 'БГУ'),
(11, 'Обломов', 'Гончаров И.А.', '2026-04-05', NULL, NULL, 'РНБ'),
(3, 'Дворянское гнездо', 'Тургенев И.С.', '2026-03-15', '2026-03-28', NULL, 'ГПИБ'),
(7, 'Горе от ума', 'Грибоедов А.С.', '2026-03-30', '2026-04-06', NULL, 'БНБ'),
(14, 'Герой нашего времени', 'Лермонтов М.Ю.', '2026-04-08', NULL, NULL, 'РНБ');


-- 🔍 ПОСЛЕ ДОБАВЛЕНИЯ ПРОВЕРЬТЕ СОРТИРОВКУ:
-- ✅ На каждой странице кликайте на ВСЕ заголовки столбцов
-- ✅ Проверьте сортировку по возрастанию и убыванию
-- ✅ Убедитесь что индикаторы ▲ ▼ отображаются правильно
-- ✅ Проверьте что сортировка работает вместе с фильтрами